<?xml version="1.0" encoding="UTF-8" ?>
<mysql2es>

    <db>
		{
				【url填写提示,需要删除】 
				此处填写Mysql的url
		}
        <url>jdbc:mysql://localhost:3306/my_db</url>
		
		{
				【host填写提示,需要删除】 
				此处填写Mysql的host
		}
        <host>localhost</host>
		{
				【port填写提示,需要删除】 
				此处填写Mysql的port
		}
        <port>3306</port>
		
		{
				【username填写提示,需要删除】 
				此处填写Mysql的username
		}
        <username>root</username>
		
		{
				【password填写提示,需要删除】 
				此处填写Mysql的password
		}
        <password>123456</password>
		
		{
				【primary_tb填写提示,需要删除】 
				此处填写需要同步的主表名,如果是单表那么直接填表名,
				如果是多表，那么需要区分出多表连接的主表，次表，从而在此填写主表的名字
		}
        <primary_tb>h_comments</primary_tb>
        
		{
				【primary_tb_primarykey填写提示,需要删除】 
				此处填写主表的主键名，如果是单表查询例如id那么直接填写Id,
				如果是多表查询，那么需要填写具体的别名.id，例如以下的多表查询
				 主表别名为c，主表主键字段为id，那么填写的是c.id
		}
		<primary_tb_primarykey>c.id</primary_tb_primarykey>
		
		
		{
				【sql填写提示,需要删除】
				这里填写映射出来查询的sql语句，例如我想将mysql的student表同步至es的stues索引,首先你需要查询出mysql表里的数据
				那么在此处就是查询语句的所在，这里你需要将查询出来的所有字段采用as别名映射为es之中的具体字段名，例如:
				select id as id,name as esname,age as esage from student;
				注意！！如果是多表查询，需要将主表放在最前面，使用左连接其他表的方式,以下为较为复杂的多表连接查询示例。
		}
        <sql>
            SELECT
            c.id AS id,
            u.id AS userId,u.sec_uid AS userSecUid,u.avatar AS userAvatar ,u.region AS userRegion,
            u.language AS userLanguage,u.nickname AS userNickname,u.user_age AS  userUserAge,
            dt.id AS detailId,
            dt.aweme_id AS detailAwemeId,
            dt.cid AS detailCid,
            dt.ip_label AS detailIpLabel,
            dt.create_time AS detailCreateTime,
            dt.digg_count AS  detailDiggCount,
            dt.reply_comment_total AS  detailReplyCommentTotal,
            dt.text AS detailText,
            dt.is_author_digged AS  detailIsAuthorDigged,
            dt.cur AS  detailCur,
            dt.count AS detailCount,
            vd.title_info AS videoTitle
            FROM h_comments AS c
            LEFT JOIN `h_comments_user` AS u ON c.uid=u.id
            LEFT JOIN `h_comments_details` AS dt ON c.did=dt.id
            LEFT JOIN `video_info` AS vd ON vd.aweme_id=c.aid;
        </sql>
    </db>

    <es>
	
		{
				【index填写提示,需要删除】 
				此处填写需要同步的目标es索引名,请确保目标索引确实已经建立好
		}
        <index>my_index</index>
		{
				【type填写提示,需要删除】 
				此处填写es的type名,默认填写_doc即可
		}
        <type>_doc</type>
		{
				【host填写提示,需要删除】 
				此处填写连接es用的主机(ip地址),请确保目标es已经开启并且可连接
		}
        <host>localhost</host>
		{
				【port填写提示,需要删除】 
				此处填写连接es用的断口号,请确保目标es已经开启并且可连接
		}
        <port>9200</port>
		
		{
				【mapping_fileds填写提示,需要删除】 
				此处填写需要同步过去的目标es字段,也就是es的mapping字段,用逗号(英文逗号)分隔开
				注意，这里其实跟上面的sql处查询出来的字段属于一一对应的关系，请确保没有填错!
		}
        <mapping_fileds>
            id,userId,userSecUid,userAvatar,userRegion,userLanguage,userNickname,userUserAge
            ,detailId,detailAwemeId,detailCid,detailIpLabel,detailCreateTime,detailDiggCount,
            detailReplyCommentTotal,detailText,detailIsAuthorDigged,detailCur,detailCount,videoTitle
        </mapping_fileds>
    </es>
</mysql2es>