<?xml version="1.0" encoding="UTF-8" ?>
<mysql2es>

    <db>
        <url>jdbc:mysql://localhost:3306/harvest_douyin_yrw</url>
        <host>localhost</host>
        <port>3306</port>
        <username>root</username>
        <password>root</password>
        <primary_tb>harvest_comment</primary_tb>
        <primary_tb_primarykey>c.id</primary_tb_primarykey>
        <sql>
            SELECT
            c.id AS id,
            u.id AS userId,u.sec_uid AS userSecUid,u.avatar AS userAvatar ,u.region AS userRegion,
            u.language AS userLanguage,u.nickname AS userNickname,u.user_age AS  userUserAge,
            dt.id AS detailId,
            dt.aweme_id AS detailAwemeId,
            dt.cid AS detailCid,
            dt.ip_label AS detailIpLabel,
            dt.create_time AS detailCreateTime,
            dt.digg_count AS  detailDiggCount,
            dt.reply_comment_total AS  detailReplyCommentTotal,
            dt.text AS detailText,
            dt.is_author_digged AS  detailIsAuthorDigged,
            dt.cur AS  detailCur,
            dt.count AS detailCount,
            vd.title_info AS videoTitle
            FROM harvest_comment AS c
            LEFT JOIN `harvest_comment_user` AS u ON c.uid=u.id
            LEFT JOIN `harvest_comment_details` AS dt ON c.did=dt.id
            LEFT JOIN `video_info` AS vd ON vd.aweme_id=c.aid;
        </sql>
    </db>

    <es>
        <index>dy_comments</index>
        <type>_doc</type>
        <host>localhost</host>
        <port>9200</port>
        <mapping_fileds>
            id,userId,userSecUid,userAvatar,userRegion,userLanguage,userNickname,userUserAge
            ,detailId,detailAwemeId,detailCid,detailIpLabel,detailCreateTime,detailDiggCount,
            detailReplyCommentTotal,detailText,detailIsAuthorDigged,detailCur,detailCount,videoTitle
        </mapping_fileds>
    </es>
</mysql2es>